username,repo_name,stars,repo_url
ovity,octotree,22500,https://github.com/ovity/octotree
gitpod-io,gitpod,11100,https://github.com/gitpod-io/gitpod
reviewdog,reviewdog,6500,https://github.com/reviewdog/reviewdog
danger,danger,5200,https://github.com/danger/danger
danger,danger-js,4900,https://github.com/danger/danger-js
joho,awesome-code-review,4000,https://github.com/joho/awesome-code-review
ajinabraham,nodejsscan,2200,https://github.com/ajinabraham/nodejsscan
microsoft,vscode-pull-request-github,2100,https://github.com/microsoft/vscode-pull-request-github
houndci,hound,1900,https://github.com/houndci/hound
mbj,mutant,1900,https://github.com/mbj/mutant
crev-dev,cargo-crev,1900,https://github.com/crev-dev/cargo-crev
reviewboard,reviewboard,1500,https://github.com/reviewboard/reviewboard
Tencent,CodeAnalysis,1400,https://github.com/Tencent/CodeAnalysis
ryanmcdermott,code-review-tips,1400,https://github.com/ryanmcdermott/code-review-tips
bit4woo,python_sec,1200,https://github.com/bit4woo/python_sec
code-review-checklists,java-concurrency,1200,https://github.com/code-review-checklists/java-concurrency
TeamCodeStream,codestream,888,https://github.com/TeamCodeStream/codestream
jiangsir404,Audit-Learning,868,https://github.com/jiangsir404/Audit-Learning
enlightn,enlightn,791,https://github.com/enlightn/enlightn
palantir,policy-bot,630,https://github.com/palantir/policy-bot
